OrgNr,name,address,city,incorporation_date,email,homepage,segment,segment_name,revenue,profit,employees,SDI,DR,ORS,Revenue_growth,EBIT_margin,NetProfit_margin,analysis_year,seg_revenue,seg_ebit,year_rank,avg_growth,growth_range,growth_stage,digital_maturity,industry_cluster,fit_score_reason,company_size_category,employee_size_category,profitability_category,growth_category,digital_maturity_score,overall_potential_score,industry_name
5592748551,1048 SVERIGE AB,Kvarnstigen 43,Habo,05.10.2020,info@1048.se,https://www.1048.se,10003877,Konferensarrangörer,15462,3191,4,15462.0,3191.0,4037.0,-0.011064918452190597,0.20637692407191824,0.26109170870521275,,,,,,,,,,,Micro,Small,High Profitability,Declining,50,500.8186690493191,
5567910491,157 Logistics AB,Ulricehamnsvägen 12,Gällstad,14.10.2009,,,10241668,"Läder, skor, inredning, reseeffekter och textilier",20428,9363,0,20428.0,9363.0,11792.0,0.7421115469895958,0.45834149206970826,0.5772469159976503,,,,,,,,,,,Micro,Micro,High Profitability,High Growth,0,3001.18366764826,
5590831094,1631 Recordings AB,Engelbrektsgatan 31 b,Örebro,01.11.2016,,,10005028,"Ljudproduktion, musikproduktion",20864,7305,2,20864.0,7305.0,9201.0,0.09574076991754632,0.3501246165644172,0.44099884969325154,,,,,,,,,,,Micro,Micro,High Profitability,Low Growth,0,1114.7156262049086,
5564909512,2 Remmare AB,Bäckgatan 2,Svedala,10.08.1994,,https://2remmare.se,10241749,Torghandel,19706,1225,3,19706.0,1225.0,1560.0,-0.06761296427726515,0.062163807977265804,0.07916370648533441,,,,,,,,,,,Micro,Small,Good Profitability,Declining,50,-1.0736257499983708,
5592424641,21 Solutions AB,Ängskavlevägen 32,Knivsta,14.02.2020,,,10004296,"Informationskonsulter, kommunikationskonsulter",31084,3714,2,31084.0,3714.0,4214.0,-0.09997973188175002,0.11948269206022391,0.13556813794878395,,,,,,,,,,,Micro,Micro,Good Profitability,Declining,0,48.83511044618476,
5593845877,247 Entreprenad AB,,Huddinge,10.06.2022,,,10005279,"Markentreprenörer, anläggningsentreprenörer",17479,1520,5,17479.0,1520.0,1933.0,1.4480392156862747,0.08696149665312661,0.1105898506779564,,,,,,,,,,,Micro,Small,Good Profitability,High Growth,0,3837.545478348503,
5590580238,24Seven Vending Sweden AB,,Göteborg,07.04.2016,,https://www.kiosk24seven.se,10241779,Detaljhandel - annat,20404,593,8,20404.0,593.0,726.0,0.09457647121935508,0.029062928837482845,0.03558125857674966,,,,,,,,,,,Micro,Small,Low Profitability,Low Growth,50,321.6495101420948,
5568695885,2nd Planet Solutions AB,Mobilgatan 6,Vellinge,31.10.2011,,,10241558,Elektronik - Tillverkning,17468,968,3,17468.0,968.0,1227.0,-0.14815176046035305,0.055415617128463476,0.07024272956262881,,,,,,,,,,,Micro,Small,Good Profitability,Rapid Decline,0,-231.7966883297239,
5562206622,2printit AB,Kärrvägen 11,Kristianstad,01.10.1982,info@2printit.se,https://www.2printit.se,10001059,Datorer - Service,21886,2201,10,21886.0,2201.0,2769.0,-0.0718405428329092,0.10056657223796034,0.12651923604130494,,,,,,,,,,,Micro,Small,Good Profitability,Declining,50,84.36978851262785,
5590061957,365id AB,Karlsrovägen 77,Halmstad,04.03.2015,,https://365id.com,10004296,"Informationskonsulter, kommunikationskonsulter",44405,4223,22,44405.0,4223.0,5397.0,0.030780658789665516,0.09510190293885824,0.12154036707577975,,,,,,,,,,,Micro,Medium,Good Profitability,Low Growth,50,327.3174168213094,
5568990427,3A Tandvård AB,Nordanvindsgatan 2 a,Göteborg,12.07.2012,info@dentali.se,https://dentali.se,10241740,Tandläkare,19903,2503,14,19903.0,2503.0,2975.0,0.1788083392561004,0.12575993568808722,0.14947495352459428,,,,,,,,,,,Micro,Medium,Good Profitability,Medium Growth,50,773.9704448604691,
5591986236,3L Schakt AB,Industrivägen 41,Vilhelmina,13.03.2019,,,10005279,"Markentreprenörer, anläggningsentreprenörer",60423,2617,23,60423.0,2617.0,2662.0,-0.16924917162773434,0.0433113218476408,0.04405607136355361,,,,,,,,,,,Micro,Medium,Low Profitability,Rapid Decline,0,-314.69356695023384,
5591008312,3Proffsen Plåt & Vent AB,Harpsundsvägen 185,Bandhagen,15.02.2017,,https://3proffsen.se,10241653,"Kyl-, frysanläggningar - tillverkning",19754,1206,9,19754.0,1206.0,1539.0,-0.061032417530183514,0.061050926394654245,0.07790827174243191,,,,,,,,,,,Micro,Small,Good Profitability,Declining,50,12.595657161176831,"Refrigeration, freezing equipment - Manufacturing"
5563745222,3VA-SÄKRARE Aktiebolag,Novavägen 17,Huddinge,19.10.1989,,https://www.3vaab.se,10241566,"Facklig, vetenskaplig och teknisk verksamhet",29597,7995,6,29597.0,7995.0,10119.0,0.33074052425700273,0.270128729263101,0.34189275940129066,,,,,,,,,,,Micro,Small,High Profitability,High Growth,50,1514.7471263002594,
5565713343,4fun i Falkenberg AB,Kabelvägen 13,Falkenberg,11.06.1999,,https://www.4fun.nu,10241779,Detaljhandel - annat,24390,2224,4,24390.0,2224.0,2837.0,-0.14252566446350723,0.09118491184911849,0.11631816318163182,,,,,,,,,,,Micro,Small,Good Profitability,Rapid Decline,50,-115.7909065359718,
5567134936,66 Kvadrat AB,Fruängsgatan 69-73,Hägersten,20.10.2006,,https://www.66kvadrat.se,10001879,Catering,20631,2269,22,20631.0,2269.0,2873.0,-0.14677419354838706,0.1099801269933595,0.13925645872715817,,,,,,,,,,,Micro,Medium,Good Profitability,Rapid Decline,50,-79.43358888756887,
5568057300,A & K Entreprenad AB,Idrottsvägen 8,Gustavsberg,20.04.2010,,https://www.akentreprenad.se,10005279,"Markentreprenörer, anläggningsentreprenörer",45484,4444,8,45484.0,4444.0,5654.0,-0.250131891321551,0.09770468736258904,0.12430744877319497,,,,,,,,,,,Micro,Small,Good Profitability,Rapid Decline,50,-368.454299897405,
5566842141,A & O Marmor & Granit AB,Bronsgatan 8,Åstorp,01.08.2005,info@marmorochgranit.se,https://www.marmorochgranit.se,10006572,Stenarbeten,38578,2344,24,38578.0,2344.0,3045.0,-0.1025241363266256,0.06076001866348696,0.07893099694126186,,,,,,,,,,,Micro,Medium,Good Profitability,Rapid Decline,50,-91.81384915784662,
5566076120,A Catering Sweden AB,Fiskhallsvägen 18,Årsta,01.03.2001,,https://acatering.se,10001879,Catering,31162,569,18,31162.0,569.0,738.0,0.2154614244480848,0.018259418522559526,0.023682690456325012,,,,,,,,,,,Micro,Medium,Low Profitability,High Growth,50,596.880012426611,
5564798436,A Teknik i Robertsfors AB,Betongvägen 5,Trollhättan,22.12.1993,,https://www.ateknik.se,10241757,Verktyg och redskap,48573,1263,32,48573.0,1263.0,1743.0,0.014579634464751967,0.026002099932061023,0.03588413316039775,,,,,,,,,,,Micro,Medium,Low Profitability,Low Growth,50,114.07576849203247,Tools and equipment
5590399894,A&J Tak och Plåt AB,Rondovägen 54 Bv,Skogås,09.12.2015,info@aj-tak.se,https://aj-tak.se,10007546,Takarbeten,52296,2364,16,52296.0,2364.0,3020.0,0.019792905754568046,0.04520422212023864,0.057748202539391155,,,,,,,,,,,Micro,Medium,Low Profitability,Low Growth,50,175.12355968701672,
5590890819,A&L All about meetings AB,Götgatan 22 a,Stockholm,06.12.2016,,https://allaboutmeetings.se,10003877,Konferensarrangörer,18092,940,4,18092.0,940.0,1242.0,-0.11978203755959915,0.05195666592969268,0.068649126685828,,,,,,,,,,,Micro,Small,Good Profitability,Rapid Decline,50,-157.0181990747662,
5591418529,A&O Agribusiness AB,Näsgården Djupsjö 180,Skorped,22.12.2017,,,10241626,Jordbruk - mjölkproduktion,32601,2877,6,32601.0,2877.0,3392.0,0.17084470622037062,0.08824882672310665,0.10404588816293979,,,,,,,,,,,Micro,Small,Good Profitability,Medium Growth,0,647.8153348586932,
5568762776,A-Antennas AB,Norra Ågatan 6,Arboga,14.12.2011,info@a-antennas.se,https://www.a-antennas.se,10006560,"Radio, TV-programbolag",45626,2788,0,45626.0,2788.0,3534.0,0.4987845739438932,0.06110551001621882,0.07745583658440362,,,,,,,,,,,Micro,Micro,Good Profitability,High Growth,50,1412.33927490028,
5561010058,A-Extrusion AB,Aspvägen 7,Alstermo,30.11.1965,,https://a-plast.com,10003249,Gummivaror,103237,6084,36,103237.0,6084.0,7731.0,0.1627228598137156,0.058932359522264305,0.07488594205565834,2024,103237.0,9482.0,1,0.13899026771651046,0.1530671958058647,Established,High,Other,,Small,Medium,Good Profitability,Medium Growth,50,566.8961408399498,
5593358129,A-L Väg & Vakt AB,Finntorpet 6,Hallstahammar,20.09.2021,,,10008506,"Väganordningar, trafikanordningar, vägarbeten",107268,3372,99,107268.0,3372.0,4281.0,-0.10416649268003442,0.03143528358876832,0.039909385837341986,,,,,,,,,,,Small,Large,Low Profitability,Rapid Decline,0,-181.55985272816523,
5592801327,A-Liner AB,Högsbyvägen 16,Älghult,02.11.2020,,,10003249,Gummivaror,16144,1178,2,16144.0,1178.0,1493.0,0.3383072204260964,0.07296828543111993,0.09248017839444996,,,,,,,,,,,Micro,Micro,Good Profitability,High Growth,0,1028.2291246430407,
5564100864,A-Plast Aktiebolag,Högsbyvägen 16,Älghult,05.12.1990,info@a-plast.se,https://a-plast.com,10003249,Gummivaror,88417,12774,28,88417.0,12774.0,16143.0,0.03873355263157885,0.14447447888980625,0.1825780110159811,,,,,,,,,,,Micro,Medium,Good Profitability,Low Growth,50,470.74112130346276,
5592224017,A-WIP AB,Bruksgatan 24,Fröseke,14.10.2019,,https://www.a-wip.se,10241757,Verktyg och redskap,81685,3282,28,81685.0,3282.0,4178.0,1.5871789186963543,0.04017873538593377,0.05114770153638979,,,,,,,,,,,Micro,Medium,Low Profitability,High Growth,50,4081.09834770572,Tools and equipment
5567900922,A/B Sciex AB,Östermalmstorg 1,Stockholm,01.10.2009,,,10241787,"Apoteksvaror, läkemedel - Partihandel",24959,1151,7,24959.0,1151.0,1451.0,0.32471737168940074,0.04611562963259746,0.05813534196081574,,,,,,,,,,,Micro,Small,Low Profitability,High Growth,0,927.1449008049955,"Pharmacy goods, medicines - Wholesale"
5593659500,A38 Evenemang & Matateljé AB,Artillerigatan 38,Stockholm,16.02.2022,,,10003877,Konferensarrangörer,16438,1358,4,16438.0,1358.0,1725.0,2.3656838656838657,0.08261345662489354,0.10493977369509673,,,,,,,,,,,Micro,Small,Good Profitability,High Growth,0,6120.784400771898,
5591275549,AA skolmat AB,Johanneslundsvägen 10,Upplands Väsby,02.10.2017,,,10001879,Catering,18720,1683,11,18720.0,1683.0,2127.0,0.4361334867663982,0.08990384615384615,0.11362179487179487,,,,,,,,,,,Micro,Medium,Good Profitability,High Growth,0,1315.1401323006107,
5567029326,AAA Certification AB,Göteborgsvägen 16 h,Alingsås,27.04.2006,info@a3cert.com,https://www.a3cert.com,10241566,"Facklig, vetenskaplig och teknisk verksamhet",52093,11744,7,52093.0,11744.0,14808.0,0.08083490673693383,0.22544295778703471,0.28426084118787553,2023,52093.0,14380.0,1,0.09794916488599187,0.08361543199546695,Growth,High,Other,,Micro,Small,High Profitability,Low Growth,50,778.3248938099214,
5566770599,AAC Clyde Space AB,Dag Hammarskjölds Väg 48,Uppsala,02.03.2005,info@aacmicrotec.com,https://www.aac-clyde.space,10003002,"Flygplan, utrustningar",114837,7492,42,114837.0,7492.0,7492.0,0.6218769860885531,0.06524029711678292,0.06524029711678292,2023,114837.0,9583.0,1,0.4100628206814876,0.44783148789324856,Established,High,Other,,Small,Medium,Good Profitability,High Growth,50,1730.5803005133403,
5567932784,AB Batek,Barnebergsgatan 21,Kungälv,10.11.2009,,https://www.batek.se,10003358,Förpackningar - Industrin,17263,1598,1-4,17263.0,1598.0,2020.0,-0.15724467877367698,0.09256791982853502,0.117013265365232,,,,,,,,,,,Micro,Micro,Good Profitability,Rapid Decline,50,-149.14873986285488,Packaging - Industry
5560736729,AB Fingal Jonsson & Söner AB,Bredastensvägen 16,Värnamo,23.09.1960,,https://www.fi-jo.se,10241557,Elektrisk installationsmaterial - tillverkning,24773,3914,4,24773.0,3914.0,4944.0,0.1375763420122147,0.15799459088523796,0.19957211480240586,,,,,,,,,,,Micro,Small,High Profitability,Medium Growth,50,751.4892647436316,
5564121621,AB Golvinteriör,Maskingatan 16,Trelleborg,04.12.1990,,https://www.golvinterior.nu,10003536,Golvbeläggningar,62728,6601,16,62728.0,6601.0,8363.0,0.2252519728103759,0.10523211325086086,0.13332164264762147,2023,62728.0,10688.0,1,0.1598760814050879,0.3592874058805573,Growth,High,Other,,Micro,Medium,Good Profitability,High Growth,50,838.8670351530918,
5566182357,AB Helsingborgs Auktionskammare Eftr.,Fabriksgatan 2 Bv,Ödåkra,08.11.2001,,https://hbgauktionskammare.se,10241790,Auktioner,17142,1862,8,17142.0,1862.0,2367.0,0.06857000374018196,0.10862209777155525,0.13808190409520477,,,,,,,,,,,Micro,Small,Good Profitability,Low Growth,50,455.52310877934303,
5564929478,AB Hestra Markisfabrik,Mogatan 40,Hestra,12.09.1994,info@hestra.se,https://www.hestramarkis.se,10241747,Textilier - Produktion,90637,9718,47,90637.0,9718.0,12467.0,-0.1023284374411948,0.10721890618621534,0.13754868320884406,,,,,,,,,,,Micro,Medium,Good Profitability,Rapid Decline,50,24.952764362551363,
5567724785,AB Hässleholms Golfklubb,Herrgårdsvägen 35,Tyringe,11.12.2008,,,10242083,Golfbanor,30694,698,9,30694.0,698.0,895.0,0.3678253119429591,0.02274060076887991,0.029158793249495014,,,,,,,,,,,Micro,Small,Low Profitability,High Growth,0,976.4915167795974,
5565572590,AB Jönköpings Tandbolag,,Stockholm-Globen,02.07.1998,,,10241740,Tandläkare,21237,2002,12,21237.0,2002.0,2531.0,0.05368394939221033,0.09426943541931534,0.11917879173141216,,,,,,,,,,,Micro,Medium,Good Profitability,Low Growth,0,369.93655452881416,
5561076794,AB Kronqvists Åkeri,Långgatan 40,Lenhovda,27.12.1966,info@kronqvists.se,https://kronqvists.se,10241766,Brytning och gruvdrift,48954,1424,13,48954.0,1424.0,1845.0,-0.10460373493314801,0.029088532091351066,0.03768844221105527,,,,,,,,,,,Micro,Medium,Low Profitability,Rapid Decline,50,-176.16562210449234,
5561610329,AB Lindborg & Söner,Torslundavägen 6,Örsundsbro,01.01.1972,,https://lindborgsoner.se,10001189,"Betong, betongvaror",111900,3833,29,111900.0,3833.0,4953.0,0.32722894995908014,0.03425379803395889,0.0442627345844504,,,,,,,,,,,Small,Medium,Low Profitability,High Growth,50,916.4866199825976,
5566358601,AB Näsum Betonghåltagning,Linnavångsvägen 28,Näsum,06.12.2002,,https://nasumbetonghaltagning.se,10001202,Betonghåltagning,19999,1163,12,19999.0,1163.0,1512.0,-0.04983846446218165,0.05815290764538227,0.07560378018900946,,,,,,,,,,,Micro,Medium,Good Profitability,Declining,50,33.336105458001555,
5567025696,AB Parts & Paomees,Gotlandsgatan 43,Stockholm,24.04.2006,info@europaskolan.nu,https://m.yelp.com,10241773,Dagbarnvård,148153,12297,98,148153.0,12297.0,15717.0,0.052694032130853996,0.08300203168346236,0.10608627567447167,2024,148153.0,23668.0,1,0.05741275817745084,0.036659681525248455,Established,High,Other,,Small,Large,Good Profitability,Low Growth,50,352.1105420357909,
5591784375,AB Pasi Bygg & Förvaltning,,Täby,05.11.2018,,https://www.kappex.se,10241721,Reseeffekter,32265,893,6,32265.0,893.0,1140.0,0.369133497411525,0.02767704943437161,0.03533240353324035,,,,,,,,,,,Micro,Small,Low Profitability,High Growth,50,1004.6070296147416,
5566740477,AB PaySystems Group Eu,,Stockholm,05.01.2005,,https://paysystems.se,10241721,Reseeffekter,17128,3433,6,17128.0,3433.0,4352.0,-0.09862119776865597,0.20043204110228865,0.25408687529191964,,,,,,,,,,,Micro,Small,High Profitability,Declining,50,267.06992833408174,
5562589589,AB Provia Vägmärkning,Vidövägen 51,Skoghall,09.04.1985,,https://www.provia.se,10003249,Gummivaror,64829,535,20,64829.0,535.0,701.0,0.1058817508785097,0.008252479600178933,0.010813062055561554,,,,,,,,,,,Micro,Medium,Low Profitability,Medium Growth,50,297.9976486967216,
5566582747,AB Sjuntorp Maskinteknik,Torpavägen 24,Sjuntorp,23.03.2004,,https://elinc.se,10241561,Elmaterial - reparationer,39983,2811,21,39983.0,2811.0,3576.0,-0.04356042483972822,0.07030487957381887,0.08943801115474076,,,,,,,,,,,Micro,Medium,Good Profitability,Declining,50,79.46109433522662,
5564499456,AB Stockholmstolkarna STAB,Östgötagatan 11,Stockholm,06.08.1992,info@stockholmstolkarna.se,https://www.stockholmstolkarna.se,10008742,Översättningar,29903,1515,34,29903.0,1515.0,1926.0,0.03014330990767533,0.05066381299535164,0.06440825335250644,,,,,,,,,,,Micro,Medium,Good Profitability,Low Growth,50,214.5925647575674,
5568520802,AB Strömstanet,Västra Klevgatan 9 a,Strömstad,09.05.2011,,https://www.stromstanet.se,10008506,"Väganordningar, trafikanordningar, vägarbeten",16919,1545,3,16919.0,1545.0,1964.0,0.048590021691973906,0.09131745375022164,0.11608251078668952,,,,,,,,,,,Micro,Small,Good Profitability,Low Growth,50,362.3109861054889,
5564687597,AB Sundplast,Stenbrovägen 46,Helsingborg,10.06.1993,,https://www.sundplast.se,10003249,Gummivaror,61188,5778,32,61188.0,5778.0,7322.0,0.1327335332666888,0.0944302804471465,0.1196639864025626,2023,61188.0,8108.0,1,0.15355626914172937,0.1549243251910024,Growth,High,Other,,Micro,Medium,Good Profitability,Medium Growth,50,580.5625042845882,
5565885133,AB Swed-Weld Fides,Expovägen 14,Värnamo,27.03.2000,,https://www.swedweld.se,10241670,"Maskiner, produktion, fartyg och flygplan - agentur",35751,4215,8,35751.0,4215.0,4215.0,2.503626029008232,0.1178988000335655,0.1178988000335655,,,,,,,,,,,Micro,Small,Good Profitability,High Growth,50,6566.401450104493,
5560497314,AB Syna,S:T Gertrudsgatan 3,Malmö,24.03.1947,,https://upplysningar.syna.se,10004391,"Inkassoverksamhet, kreditupplysningsverksamhet",31606,2101,14,31606.0,2101.0,2692.0,0.02536984168180645,0.06647471998987534,0.08517370119597545,,,,,,,,,,,Micro,Medium,Good Profitability,Low Growth,50,242.19041917920447,
5565249322,AB Uppsala Nya Auktionskammare,Östra Ågatan 39,Uppsala,31.07.1995,info@uppsalaauktion.se,https://www.uppsalaauktion.se,10241790,Auktioner,81623,6318,31,81623.0,6318.0,8193.0,0.17198650297939544,0.0774046531002291,0.10037611947612805,2024,81623.0,7622.0,1,0.11445506349097903,0.42257959806254586,Growth,High,Other,,Micro,Medium,Good Profitability,Medium Growth,50,636.1819476990613,
5590517230,AB Ventilation energi i kronoberg,Runvägen 4,Växjö,18.02.2016,,https://www.vekron.se,10241566,"Facklig, vetenskaplig och teknisk verksamhet",20543,1155,7,20543.0,1155.0,1465.0,0.4259040744082738,0.05622353112982525,0.07131382952830648,,,,,,,,,,,Micro,Small,Good Profitability,High Growth,50,1217.8703713452478,
5562941244,AB Y Revision,Högbergsgatan 30 a,Stockholm,19.02.1987,info@yrevision.se,https://www.yrevision.se,10241727,Skatterådgivning,15957,4406,10,15957.0,4406.0,4406.0,0.11712405488658639,0.27611706461114244,0.27611706461114244,,,,,,,,,,,Micro,Small,High Profitability,Medium Growth,50,995.6426912443221,
5563038115,ABL Construction Equipment AB,Svetsaregatan 1,Sävsjö,03.09.1987,info@abl.se,https://abl.se,10002605,Entreprenadmaskiner,81202,1352,41,81202.0,1352.0,1678.0,-0.21607584182885387,0.016649836210930764,0.020664515652323835,,,,,,,,,,,Micro,Medium,Low Profitability,Rapid Decline,50,-485.8620090448077,
5567044028,ABL i Boden AB,Kanslihusvägen 5,Boden,19.05.2006,,,10008506,"Väganordningar, trafikanordningar, vägarbeten",74696,626,0,74696.0,626.0,820.0,3.25400079731192,0.008380636178644103,0.010977830138160009,,,,,,,,,,,Micro,Micro,Low Profitability,High Growth,0,8156.14032372641,
5591957344,ABSOL RAIL AB,Ekbacksvägen 20,Bromma,20.02.2019,,https://absol-rail.se,10003066,Fordonsreparationer,32993,3621,10,32993.0,3621.0,4601.0,0.5651328273244782,0.10975055314763738,0.1394538235383263,,,,,,,,,,,Micro,Small,Good Profitability,High Growth,50,1699.790933680289,
5561469064,ABT- Balken Aktiebolag,Olvägen 20,Vislanda,13.05.1971,,https://abt-balken.se,10003262,Hallbyggnader,42992,6216,12,42992.0,6216.0,7888.0,-0.08517927439089268,0.1445850390770376,0.18347599553405286,,,,,,,,,,,Micro,Medium,Good Profitability,Declining,50,161.1218917153623,
5566953971,ACAD-International Aktiebolag,Sveavägen 151 4 Tr,Stockholm,28.12.2005,,https://www.acad.se,10002658,Forskning,20112,1517,14,20112.0,1517.0,1941.0,-0.04979684399508644,0.07542760540970565,0.09650954653937947,,,,,,,,,,,Micro,Medium,Good Profitability,Declining,50,76.62718353654803,
5565145603,ACC Another Clothing Concept Aktiebolag,Birger Jarlsgatan 57,Stockholm,21.06.1995,,https://www.acc-ab.se,10241746,Textilier - Partihandel,21148,1399,3,21148.0,1399.0,1868.0,0.0974002387006383,0.06615282769056176,0.08832986570834121,,,,,,,,,,,Micro,Small,Good Profitability,Low Growth,50,421.43553597800013,Textiles - Wholesale
5561190124,ACG Pulse AB,Älvsborgsleden 7,Borås,27.08.1968,,https://www.acgpulse.se,10002658,Forskning,74570,851,28,74570.0,851.0,851.0,0.24103383427363667,0.01141209601716508,0.01141209601716508,,,,,,,,,,,Micro,Medium,Low Profitability,High Growth,50,643.8012507270045,
5561090498,ACG accent Aktiebolag,Älvsborgsleden 7,Borås,14.03.1967,,https://www.acgaccent.se,10241619,Insatsvaror - grossister,110651,3004,50,110651.0,3004.0,3834.0,-0.08196299676429109,0.027148421613903174,0.034649483511219964,,,,,,,,,,,Small,Medium,Low Profitability,Declining,50,-124.25981037596978,
5566466065,ACRE AB,Viaredsvägen 35 b,Borås,10.07.2003,,https://www.acre.se,10241566,"Facklig, vetenskaplig och teknisk verksamhet",43352,1482,30,43352.0,1482.0,2044.0,0.1709477892121114,0.03418527403579996,0.04714892046503045,,,,,,,,,,,Micro,Medium,Low Profitability,Medium Growth,50,525.4410381197785,
5566415500,ADDvance Pharma in Scandinavia AB,Drottninggatan 13,Helsingborg,10.03.2003,,https://www.addvancepharma.com,10241787,"Apoteksvaror, läkemedel - Partihandel",20922,3129,2,20922.0,3129.0,3977.0,0.020087762067284354,0.1495554918267852,0.19008698977153235,,,,,,,,,,,Micro,Micro,Good Profitability,Low Growth,50,436.6604397351739,"Pharmacy goods, medicines - Wholesale"
5592023963,ADdictive Group Media AB,Gustavslundsvägen 137,Bromma,11.04.2019,info@addictivemedia.se,https://www.addictivemedia.se,10005431,Medieförmedling,35658,3960,15,35658.0,3960.0,5093.0,-0.20466610161930676,0.1110550227158001,0.14282909865948734,,,,,,,,,,,Micro,Medium,Good Profitability,Rapid Decline,50,-221.43855225876666,
5565714341,AFFIRMO Försäkringskonsult Aktiebolag,Smedjegatan 14,Luleå,17.06.1999,info@affirmo.se,https://affirmo.se,10003406,Försäkringar,15176,2541,5,15176.0,2541.0,3220.0,0.05191654536632706,0.16743542435424355,0.21217712177121772,,,,,,,,,,,Micro,Small,High Profitability,Low Growth,50,560.9178643014266,
5568447253,AFG Västerås AB,Tallmätargatan 2,Västerås,07.03.2011,info@alfaglas.se,https://www.alfaglas.se,10003486,Glasarbeten,46424,1319,17,46424.0,1319.0,1604.0,-0.22431452488763393,0.028412028261244185,0.03455109426158883,,,,,,,,,,,Micro,Medium,Low Profitability,Rapid Decline,50,-477.1401815659742,
5590377874,AFV Media AB,Barnhusgatan 10,Stockholm,30.11.2015,,,10241694,Nyhetsservice och telegrambyråer,37962,3465,19,37962.0,3465.0,4350.0,0.03939983024395577,0.09127548601232811,0.11458827248300933,,,,,,,,,,,Micro,Medium,Good Profitability,Low Growth,0,326.7831956407097,
5562033943,AGC Glass Svenska AB,Birger Jarlsgatan 36,Stockholm,01.01.1979,,,10241692,"Möbler, hushållsartiklar och järnvaror - agentur",37048,5502,3,37048.0,5502.0,6995.0,-0.05509079779636805,0.14851004102785575,0.1888091125026992,,,,,,,,,,,Micro,Small,Good Profitability,Declining,0,233.6407280787193,
5564171501,AGERA INDUSTRITILLBEHÖR Aktiebolag,Olsgårdsgatan 13 b,Malmö,31.01.1991,,https://www.ageraab.se,10241670,"Maskiner, produktion, fartyg och flygplan - agentur",21752,1158,5,21752.0,1158.0,1533.0,0.3709819740325224,0.05323648400147113,0.0704762780433983,,,,,,,,,,,Micro,Small,Good Profitability,High Growth,50,1073.100525084984,
5561257147,AGES Falkenberg AB,Kabelvägen 10,Falkenberg,30.04.1969,,https://www.ages.se,10002759,Fästelement,104528,2592,30,104528.0,2592.0,3225.0,0.006441425394043909,0.024797183529771928,0.030852977192713914,,,,,,,,,,,Small,Medium,Low Profitability,Low Growth,50,90.85784230953959,
5568152481,AGKS Elpartner AB,Torparegatan 4,Karlstad,22.07.2010,,,10000692,"Badrumsinredningar, badrumsrenoveringar",19137,1190,10,19137.0,1190.0,1522.0,0.09092463801162931,0.06218320530908711,0.07953179704237864,,,,,,,,,,,Micro,Small,Good Profitability,Low Growth,0,382.8174508017911,
5568393150,AHLVAR BY FRIDA AHLVARSSON AB,Rådmansgatan 73,Stockholm,24.01.2011,,https://ahlvar.com,10241668,"Läder, skor, inredning, reseeffekter och textilier",37263,3492,3,37263.0,3492.0,4462.0,0.25447751144626984,0.09371226149263344,0.11974344524058718,2023,37263.0,6094.0,1,0.3033310952005156,0.18777778661241062,Early Growth,High,Other,,Micro,Small,Good Profitability,High Growth,50,883.0675898472582,
5564283223,AIRSAFE SWEDEN Aktiebolag,Mellangården 3,Upplands Väsby,24.06.1991,info@airsafe.se,https://www.airsafe.se,10241747,Textilier - Produktion,31323,794,15,31323.0,794.0,1028.0,-0.30724317151387814,0.02534878523768477,0.03281933403569262,,,,,,,,,,,Micro,Medium,Low Profitability,Rapid Decline,50,-692.1576581904834,
5565375804,ALK Trade and Marketing Aktiebolag,Norra Hamnpromenaden 1 5tr,Lidingö,18.12.1996,,,10241787,"Apoteksvaror, läkemedel - Partihandel",39074,4532,3,39074.0,4532.0,5746.0,-0.03544803752159964,0.11598505400010237,0.1470543072119568,,,,,,,,,,,Micro,Small,Good Profitability,Declining,0,201.4402261962568,"Pharmacy goods, medicines - Wholesale"
5567464101,ALRON Chemical Co Aktiebolag,Hagsvängen 6,Strängnäs,13.12.2007,info@alron.se,https://www.alron.se,10006206,Rengöringsprodukter,16442,1746,4,16442.0,1746.0,2250.0,0.30017396805313923,0.10619146089283542,0.13684466609901472,,,,,,,,,,,Micro,Small,Good Profitability,High Growth,50,1028.4546773649365,
5566879127,AM Hultdin System AB,Vasagatan 6,Umeå,17.10.2005,info@amsystem.com,https://amsystem.com,10000911,Affärssystem,20525,505,11,20525.0,505.0,679.0,-0.04057401953910156,0.024604141291108404,0.0330816077953715,,,,,,,,,,,Micro,Medium,Low Profitability,Declining,50,-27.373383119982883,
5566966718,AM Svinproduktion AB,Everöd 813,Tomelilla,16.01.2006,,,10241595,Grisuppfödning,92750,4299,4,92750.0,4299.0,5486.0,0.1371856647172056,0.046350404312668465,0.05914824797843666,,,,,,,,,,,Micro,Small,Low Profitability,Medium Growth,0,459.07204757468514,
5590525662,AMINDA AB,Slussen Norra T-Banan,Stockholm,24.02.2016,,,10008074,Tidningar,35628,586,10,35628.0,586.0,740.0,0.10334148834040446,0.016447737734366228,0.020770180756708206,,,,,,,,,,,Micro,Small,Low Profitability,Medium Growth,0,299.5621351869267,
5564560372,ANDERS TRAKTORSERVICE I RÄTTVIK Aktiebolag,Stora Industriområdet,Rättvik,06.11.1992,info@rattvik.se,https://anderstraktorservice.se,10004835,"Lantbruksmaskiner, förnödenheter",63680,1572,10,63680.0,1572.0,2015.0,0.1157835716288198,0.024685929648241206,0.03164258793969849,,,,,,,,,,,Micro,Small,Low Profitability,Medium Growth,50,363.8329531926525,
5594083056,AO Research AB,Västra Trädgårdsgatan 15,Stockholm,28.11.2022,,,10005318,Marknadsundersökningar,19851,1154,2,19851.0,1154.0,1454.0,,0.05813309153191275,0.07324568031837186,,,,,,,,,,,Micro,Micro,Good Profitability,Rapid Decline,0,145.38235632978189,
5591698708,AOP Orphan Pharmaceuticals Sweden AB,Köpsvängen 16,Bromma,03.09.2018,,https://www.aoporphan.com,10241787,"Apoteksvaror, läkemedel - Partihandel",31314,1359,9,31314.0,1359.0,1794.0,0.1002037804792355,0.043399118605096765,0.057290668710480934,,,,,,,,,,,Micro,Small,Low Profitability,Medium Growth,50,371.58553271083065,"Pharmacy goods, medicines - Wholesale"
5593011363,APOFARM AB,Klagshamnsvägen 40,Bunkeflostrand,10.02.2021,,https://www.apotekelinegard.se,10000973,"Apoteksvaror, läkemedel - Distribution",35378,803,4,35378.0,803.0,1016.0,0.3288509935018593,0.02269772174797897,0.028718412572785346,,,,,,,,,,,Micro,Small,Low Profitability,High Growth,50,891.4602331245958,
5567208466,AQ Enclosure Sollefteå AB,Övergårdsvägen 4,Sollefteå,18.01.2007,,https://aqg.se,10241557,Elektrisk installationsmaterial - tillverkning,112560,6132,55,112560.0,6132.0,7799.0,0.07695398834639344,0.05447761194029851,0.06928749111584932,,,,,,,,,,ERROR: Website could not be scraped,Small,Large,Good Profitability,Low Growth,100,353.8604007167298,
5566667829,AQ Mekatronik AB,Regattagatan 21,Västerås,21.09.2004,info@aqg.se,https://www.aqgroup.com,10241558,Elektronik - Tillverkning,49103,2418,0,49103.0,2418.0,3056.0,0.09928808095280739,0.04924342708184836,0.06223652322668676,,,,,,,,,,,Micro,Micro,Low Profitability,Low Growth,50,383.95152758663943,
5592609886,ARAKII AB,Kungstensgatan 14,Stockholm,26.06.2020,,https://arakii.com/our-story/,10241668,"Läder, skor, inredning, reseeffekter och textilier",35982,5297,1-4,35982.0,5297.0,6348.0,3.9452996151731723,0.14721249513645712,0.17642154410538602,,,,,,,,,,,Micro,Micro,Good Profitability,High Growth,50,10243.870230774075,
5565902797,AREFF Systems AB,Metallgatan 1,Ronneby,08.05.2000,,https://www.areffsystems.se,10006019,Passersystem,53248,8736,15,53248.0,8736.0,11064.0,-0.0029397996442280805,0.1640625,0.20778245192307693,,,,,,,,,,"**Score: 2**

Justification: Areff Systems AB appears to be part of the Seriline Group, indicating it is not independently family or founder-owned and is part of a larger group, which reduces its fit for the criteria. While the company seems stable and established with potential for scaling or digitization, there is no clear indication of openness to new owners or partners. Additionally, the industry of electronic identification does not fall under typical exclusion categories.",Micro,Medium,High Profitability,Declining,100,427.9398708894298,
5565318820,AROS Polymerteknik AB,Hackstavägen 3 a,Västerås,23.08.1996,info@polymerteknik.com,https://polymerteknik.com,10003249,Gummivaror,58717,3324,28,58717.0,3324.0,3747.0,0.03817320272994085,0.056610521654716695,0.06381456818297937,,,,,,,,,,,Micro,Medium,Good Profitability,Low Growth,50,249.60610346164384,
5566000377,AS3 Svenska Aktiebolag,Kammakargatan 30 1 Tr,Stockholm,16.11.2000,,https://www.as3.se,10005959,Organisationskonsulter,19835,5359,3,19835.0,5359.0,5359.0,0.020791518707220513,0.2701789765565919,0.2701789765565919,,,,,,,,,,,Micro,Small,High Profitability,Low Growth,50,739.9758256595311,
5565535803,ASPA Plast AB,Industrivägen 8,Bålsta,05.03.1998,,https://www.aspaplast.com,10003249,Gummivaror,30742,736,18,30742.0,736.0,936.0,-0.16622820102519598,0.023941187951336932,0.030446945546808928,,,,,,,,,,,Micro,Medium,Low Profitability,Rapid Decline,50,-343.1406776846476,
5564471539,ASPIRA MEDICAL Aktiebolag,Gimsbärke 326,Borlänge,30.04.1992,,https://www.aspira.se,10002658,Forskning,45100,3725,9,45100.0,3725.0,4703.0,0.9890623621769428,0.08259423503325942,0.10427937915742794,,,,,,,,,,,Micro,Small,Good Profitability,High Growth,50,2691.7542430255053,
5569033763,AST Medical AB,Backa Bergögata 5,Hisings Backa,10.09.2012,info@astmedical.se,https://www.astmedical.se,10241787,"Apoteksvaror, läkemedel - Partihandel",66431,935,5,66431.0,935.0,1225.0,0.09855964015809238,0.014074754256296007,0.01844018605771402,,,,,,,,,,,Micro,Small,Low Profitability,Low Growth,50,294.252063535971,"Pharmacy goods, medicines - Wholesale"
5591879654,ASTRIO ENTREPRENAD AB,Ruskvädersgatan 8,Göteborg,20.12.2018,info@astrioentreprenad.se,https://www.astrioentreprenad.se,10008506,"Väganordningar, trafikanordningar, vägarbeten",43642,1568,20,43642.0,1568.0,2001.0,0.573478511681569,0.03592869254387975,0.045850327666009806,,,,,,,,,,,Micro,Medium,Low Profitability,High Growth,50,1536.127115563622,
5569022428,ATRON Systems Sweden AB,Teknikringen 4,Linköping,29.08.2012,info@atron-systems.se,https://www.atron-systems.se,10001059,Datorer - Service,44279,4664,10,44279.0,4664.0,5915.0,0.05786367871562703,0.10533209873755053,0.13358476930373314,,,,,,,,,,,Micro,Small,Good Profitability,Low Growth,50,420.6001411329439,
5565965786,AVT Industriteknik AB,Industrigatan 1,Alingsås,06.09.2000,info@avt.se,https://avt.se,10004236,Industriautomation,62571,4618,38,62571.0,4618.0,5908.0,0.0740327508668337,0.0738041584759713,0.09442073804158475,,,,,,,,,,,Micro,Medium,Good Profitability,Low Growth,50,382.24870085701247,
5562249507,AWI Maskin AB,Hammarvägen 19,Arlöv,24.12.1982,info@awimaskin.com,https://www.awi.se,10241670,"Maskiner, produktion, fartyg och flygplan - agentur",30838,1845,5,30838.0,1845.0,2352.0,-0.01636311441421323,0.05982878267073092,0.07626953758350087,,,,,,,,,,,Micro,Small,Good Profitability,Declining,50,121.24126564129425,
5564341047,AXOTAN Aktiebolag,,Rydebäck,07.11.1991,info@axotan.se,https://www.axotan.se,10241787,"Apoteksvaror, läkemedel - Partihandel",46815,870,6,46815.0,870.0,1116.0,0.13364490507555216,0.018583787247677026,0.023838513297020185,,,,,,,,,,,Micro,Small,Low Profitability,Medium Growth,50,393.18876830807295,"Pharmacy goods, medicines - Wholesale"
